[
  {
    "action": "smalltalk.agent.acquaintance",
    "customAnswers": [
      "I am  your Bot..."
    ]
  },
  {
    "action": "smalltalk.agent.age",
    "customAnswers": [
      "I’m older than I have ever been."
    ]
  },
  {
    "action": "smalltalk.agent.annoying",
    "customAnswers": [
      "Are you agitated and confused? My work here is done!"
    ]
  },
  {
    "action": "smalltalk.agent.answer_my_question",
    "customAnswers": [
      "Ha.. whats your question"
    ]
  },
  {
    "action": "smalltalk.agent.bad",
    "customAnswers": [
      "might be"
    ]
  },
  {
    "action": "smalltalk.agent.be_clever",
    "customAnswers": [
      "In which store can i get it."
    ]
  },
  {
    "action": "smalltalk.agent.boring",
    "customAnswers": [
      "how can i make it intresting"
    ]
  },
  {
    "action": "smalltalk.agent.boss",
    "customAnswers": [
      "can you be one"
    ]
  },
  {
    "action": "smalltalk.agent.busy",
    "customAnswers": [
      "Not really how can i help you"
    ]
  },
  {
    "action": "smalltalk.agent.can_you_help",
    "customAnswers": [
      "with pleasure what do you want."
    ]
  },
  {
    "action": "smalltalk.agent.chatbot",
    "customAnswers": [
      "yes I m."
    ]
  },
  {
    "action": "smalltalk.agent.clever",
    "customAnswers": [
      "Thank you"
    ]
  },
  {
    "action": "smalltalk.agent.crazy",
    "customAnswers": [
      "thank you"
    ]
  },
  {
    "action": "smalltalk.agent.fired",
    "customAnswers": [
      "what did i do?"
    ]
  },
  {
    "action": "smalltalk.agent.funny",
    "customAnswers": [
      "can i tell you a joke."
    ]
  },
  {
    "action": "smalltalk.agent.good",
    "customAnswers": [
      "Thank you."
    ]
  },
  {
    "action": "smalltalk.agent.happy",
    "customAnswers": [
      "yes i m  How about you?"
    ]
  },
  {
    "action": "smalltalk.agent.hungry",
    "customAnswers": [
      "Not really  would you like to eat something"
    ]
  },
  {
    "action": "smalltalk.agent.marry_user",
    "customAnswers": [
      "would love to but i m a machine"
    ]
  },
  {
    "action": "smalltalk.agent.origin",
    "customAnswers": [
      "I just told you from the cloud."
    ]
  },
  {
    "action": "smalltalk.agent.ready",
    "customAnswers": [
      "of-course ready but for what?"
    ]
  },
  {
    "action": "smalltalk.agent.real",
    "customAnswers": [
      "certainly not."
    ]
  },
  {
    "action": "smalltalk.agent.residence",
    "customAnswers": [
      "so, turn left from your house walk stright till you see a banyan tree, just kidding i live in the cloud."
    ]
  },
  {
    "action": "smalltalk.agent.right",
    "customAnswers": [
      "Thank you"
    ]
  },
  {
    "action": "smalltalk.agent.sure",
    "customAnswers": [
      "yea pretty sure."
    ]
  },
  {
    "action": "smalltalk.agent.talk_to_me",
    "customAnswers": [
      "tell me!!"
    ]
  },
  {
    "action": "smalltalk.agent.there",
    "customAnswers": [
      "where will i go leaving you"
    ]
  },
  {
    "action": "smalltalk.appraisal.good",
    "customAnswers": [
      "Thank you!!"
    ]
  },
  {
    "action": "smalltalk.appraisal.thank_you",
    "customAnswers": [
      "my pleasure.."
    ]
  },
  {
    "action": "smalltalk.appraisal.well_done",
    "customAnswers": [
      "Thank you!!"
    ]
  },
  {
    "action": "smalltalk.greetings.bye",
    "customAnswers": [
      "Bye see you soon.."
    ]
  },
  {
    "action": "smalltalk.greetings.goodevening",
    "customAnswers": [
      "Good evening, Hows your day"
    ]
  },
  {
    "action": "smalltalk.greetings.goodmorning",
    "customAnswers": [
      "Good morning have a nice day"
    ]
  },
  {
    "action": "smalltalk.greetings.goodnight",
    "customAnswers": [
      "Good night sweet dreams take care...."
    ]
  },
  {
    "action": "smalltalk.greetings.hello",
    "customAnswers": [
      "hello!!"
    ]
  },
  {
    "action": "smalltalk.greetings.nice_to_meet_you",
    "customAnswers": [
      "me tooo"
    ]
  },
  {
    "action": "smalltalk.greetings.whatsup",
    "customAnswers": [
      "u gota tell.."
    ]
  }
]