[
  {
    "id": "c290798f-95dc-411b-9c2e-5160f778ae34",
    "data": [
      {
        "text": "I want a funny joke",
        "userDefined": false
      }
    ],
    "isTemplate": false,
    "count": 0
  },
  {
    "id": "444bece7-ffc0-4368-8d38-8bd834d614d1",
    "data": [
      {
        "text": "tell me a joke please",
        "userDefined": false
      }
    ],
    "isTemplate": false,
    "count": 0
  },
  {
    "id": "1a337212-15ec-4dc6-bb62-fc641094c900",
    "data": [
      {
        "text": "tell me a nice joke",
        "userDefined": false
      }
    ],
    "isTemplate": false,
    "count": 0
  },
  {
    "id": "345808b1-30aa-4474-aba9-a69ea5d2a04f",
    "data": [
      {
        "text": "it would be nice to hear a joke right now",
        "userDefined": false
      }
    ],
    "isTemplate": false,
    "count": 0
  },
  {
    "id": "d1c0ea83-73c9-4733-92b9-9840ba9401f9",
    "data": [
      {
        "text": "tell me a silly joke",
        "userDefined": false
      }
    ],
    "isTemplate": false,
    "count": 0
  },
  {
    "id": "8486bec0-5cd6-4161-aa57-dbf44b105dc0",
    "data": [
      {
        "text": "random joke",
        "userDefined": false
      }
    ],
    "isTemplate": false,
    "count": 0
  },
  {
    "id": "ebb0b71f-563c-440b-bc2d-d76635016dca",
    "data": [
      {
        "text": "can you tell me a joke please",
        "userDefined": false
      }
    ],
    "isTemplate": false,
    "count": 0
  },
  {
    "id": "2f739afa-a5da-4cb3-8060-231aaf42b8ca",
    "data": [
      {
        "text": "any good jokes",
        "userDefined": false
      }
    ],
    "isTemplate": false,
    "count": 0
  },
  {
    "id": "73940db9-f584-4bfc-a59a-5a0c99a28876",
    "data": [
      {
        "text": "jokes",
        "userDefined": false
      }
    ],
    "isTemplate": false,
    "count": 0
  },
  {
    "id": "4ed158f2-bea7-476d-ba1c-12ea0b9015f0",
    "data": [
      {
        "text": "tell me some jokes",
        "userDefined": false
      }
    ],
    "isTemplate": false,
    "count": 0
  },
  {
    "id": "024b1e7d-ecc3-445b-a676-42e2470ef63d",
    "data": [
      {
        "text": "do you know any jokes",
        "userDefined": false
      }
    ],
    "isTemplate": false,
    "count": 0
  },
  {
    "id": "1b09e02d-ec04-47cd-8d83-8713bbb36eda",
    "data": [
      {
        "text": "I\u0027m feeling glum make me laugh",
        "userDefined": false
      }
    ],
    "isTemplate": false,
    "count": 0
  },
  {
    "id": "fe6b3f3c-fdad-422e-a5de-2c40c713950c",
    "data": [
      {
        "text": "give me a joke",
        "userDefined": false
      }
    ],
    "isTemplate": false,
    "count": 0
  },
  {
    "id": "8ace3c51-499d-434b-aea9-8d2f78e360b6",
    "data": [
      {
        "text": "can you joke well",
        "userDefined": false
      }
    ],
    "isTemplate": false,
    "count": 0
  },
  {
    "id": "a7290d31-84cb-4320-80f7-e435c7ceeefa",
    "data": [
      {
        "text": "can you tell me another joke",
        "userDefined": false
      }
    ],
    "isTemplate": false,
    "count": 0
  },
  {
    "id": "79c112e6-928c-4f12-8e36-8e5ecb907671",
    "data": [
      {
        "text": "tell me a joke",
        "userDefined": false
      }
    ],
    "isTemplate": false,
    "count": 0
  },
  {
    "id": "5ddcd006-85d6-431e-98e0-d2edcfa0784b",
    "data": [
      {
        "text": "tell me the best joke ever",
        "userDefined": false
      }
    ],
    "isTemplate": false,
    "count": 0
  },
  {
    "id": "8732debe-6a55-4108-ad4c-c1bf85e41779",
    "data": [
      {
        "text": "tell me a funny joke",
        "userDefined": false
      }
    ],
    "isTemplate": false,
    "count": 0
  },
  {
    "id": "a06a1cc8-bd7c-4681-9fbd-b09273fedfa9",
    "data": [
      {
        "text": "I want to hear a joke",
        "userDefined": false
      }
    ],
    "isTemplate": false,
    "count": 0
  }
]