[
  {
    "id": "44ca0325-d68e-406b-9825-da4515ba0ff9",
    "data": [
      {
        "text": "It\u0027s not the new one",
        "userDefined": false
      }
    ],
    "isTemplate": false,
    "count": 0
  },
  {
    "id": "48f1ab89-ca5a-4f72-833f-a42f89a3f843",
    "data": [
      {
        "text": "That\u0027s the old one",
        "userDefined": false
      }
    ],
    "isTemplate": false,
    "count": 0
  },
  {
    "id": "1790211c-62c9-498a-90fd-eb8d0abdf990",
    "data": [
      {
        "text": "I\u0027d like to change that",
        "userDefined": false
      }
    ],
    "isTemplate": false,
    "count": 0
  },
  {
    "id": "231384b4-5170-4979-ad3f-272659b5000d",
    "data": [
      {
        "text": "Modify that",
        "userDefined": false
      }
    ],
    "isTemplate": false,
    "count": 0
  },
  {
    "id": "42f30ddf-9b86-4fbf-a284-826bcb79cf1e",
    "data": [
      {
        "text": "Update that",
        "userDefined": false
      }
    ],
    "isTemplate": false,
    "count": 0
  },
  {
    "id": "1670ff9b-dbfd-4b33-bba4-0ea48798db10",
    "data": [
      {
        "text": "Change that",
        "userDefined": false
      }
    ],
    "isTemplate": false,
    "count": 0
  }
]