[
  {
    "id": "d55c83a8-391d-463e-bbbd-0c812b228b8a",
    "data": [
      {
        "text": "@size",
        "alias": "Size",
        "meta": "@Size",
        "userDefined": true
      },
      {
        "text": " pizza with ",
        "userDefined": false
      },
      {
        "text": "@toppings",
        "alias": "Toppings",
        "meta": "@Toppings",
        "userDefined": true
      }
    ],
    "isTemplate": false,
    "count": 0
  },
  {
    "id": "30968b1c-f952-40bd-8f40-25de05adeff6",
    "data": [
      {
        "text": "I need a pizza",
        "userDefined": false
      }
    ],
    "isTemplate": false,
    "count": 0
  },
  {
    "id": "6d9dbaad-bda1-4e7d-937a-d2a54808671d",
    "data": [
      {
        "text": "Get me a pizza",
        "userDefined": false
      }
    ],
    "isTemplate": false,
    "count": 0
  },
  {
    "id": "0f6fc069-da12-4c85-8048-02e2c61b59e8",
    "data": [
      {
        "text": "I would like to order a pizza",
        "userDefined": false
      }
    ],
    "isTemplate": false,
    "count": 0
  }
]